Nombre;Categoría Padre
Bodys;Lencería Femenina
Braguitas;Lencería Femenina
Chemises;Lencería Femenina
Conjuntos;Lencería Femenina
Corsets;Lencería Femenina
Corsets BajoPecho;Corsets
Corsets Cuero;Corsets
Corsets Tallas Grandes;Corsets
Corsets Vestido;Corsets
Leggins;Lencería Femenina
Medias;Lencería Femenina
Picardias;Lencería Femenina
Tallas Grandes;Lencería Femenina
Tangas;Lencería Femenina
Hombre;Disfraces
Mujer;Disfraces
Enaguas-Tutus;Complementos
Guantes;Complementos
Tapa Pezones;Complementos
Bodys;Bodas
Chemises;Bodas
Conjuntos;Bodas
Corsets;Bodas
Guantes;Bodas
Picardias;Bodas
Tangas y Braguitas;Bodas
Aceites;Nuevas Sensaciones
Pinturas;Nuevas Sensaciones
Velas;Nuevas Sensaciones
Batas;Verano
Bikinis;Verano
Vestidos;Verano
